unit_id,parent_id,teryt_id,name,level,kind
011212001011,011212001000,1201011,Bochnia,6,1
011212001064,011212001063,1201064,Nowy Wiśnicz,6,4
011212006064,011212006063,1206064,Krzeszowice,6,4
011212006104,011212006103,1206104,Skała,6,4
011212006114,011212006113,1206114,Skawina,6,4
011212006124,011212006123,1206124,Słomniki,6,4
011212006144,011212006143,1206144,Świątniki Górne,6,4
011212008054,011212008053,1208054,Miechów,6,4
011212009014,011212009013,1209014,Dobczyce,6,4
011212009034,011212009033,1209034,Myślenice,6,4
011212009074,011212009073,1209074,Sułkowice,6,4
011212014024,011212014023,1214024,Koszyce,6,4
011212014034,011212014033,1214034,Nowe Brzesko,6,4
011212014054,011212014053,1214054,Proszowice,6,4
011212019044,011212019043,1219044,Niepołomice,6,4
011212019054,011212019053,1219054,Wieliczka,6,4
011212161011,011212161000,1261011,Kraków,6,1
011212205011,011212205000,1205011,Gorlice,6,1
011212205024,011212205023,1205024,Biecz,6,4
011212205034,011212205033,1205034,Bobowa,6,4
011212207011,011212207000,1207011,Limanowa,6,1
011212207021,011212207000,1207021,Mszana Dolna,6,1
011212210011,011212210000,1210011,Grybów,6,1
011212210074,011212210073,1210074,Krynica-Zdrój,6,4
011212210114,011212210113,1210114,Muszyna,6,4
011212210134,011212210133,1210134,Piwniczna-Zdrój,6,4
011212210164,011212210163,1210164,Stary Sącz,6,4
011212262011,011212262000,1262011,Nowy Sącz,6,1
011212303014,011212303013,1203014,Alwernia,6,4
011212303034,011212303033,1203034,Chrzanów,6,4
011212303044,011212303043,1203044,Libiąż,6,4
011212303054,011212303053,1203054,Trzebinia,6,4
011212312011,011212312000,1212011,Bukowno,6,1
011212312021,011212312000,1212021,Sławków,6,1
011212312054,011212312053,1212054,Olkusz,6,4
011212312074,011212312073,1212074,Wolbrom,6,4
011212313011,011212313000,1213011,Oświęcim,6,1
011212313024,011212313023,1213024,Brzeszcze,6,4
011212313034,011212313033,1213034,Chełmek,6,4
011212313044,011212313043,1213044,Kęty,6,4
011212313094,011212313093,1213094,Zator,6,4
011212318014,011212318013,1218014,Andrychów,6,4
011212318034,011212318033,1218034,Kalwaria Zebrzydowska,6,4
011212318094,011212318093,1218094,Wadowice,6,4
011212402024,011212402023,1202024,Brzesko,6,4
011212402034,011212402033,1202034,Czchów,6,4
011212404024,011212404023,1204024,Dąbrowa Tarnowska,6,4
011212404074,011212404073,1204074,Szczucin,6,4
011212416014,011212416013,1216014,Ciężkowice,6,4
011212416054,011212416053,1216054,Radłów,6,4
011212416064,011212416063,1216064,Ryglice,6,4
011212416104,011212416103,1216104,Tuchów,6,4
011212416134,011212416133,1216134,Wojnicz,6,4
011212416144,011212416143,1216144,Zakliczyn,6,4
011212416154,011212416153,1216154,Żabno,6,4
011212463011,011212463000,1263011,Tarnów,6,1
011216911011,011216911000,1211011,Nowy Targ,6,1
011216911021,011216911000,1211021,Szczawnica,6,1
011216911024,011216911023,1211024,Szczawnica,6,4
011216911124,011216911123,1211124,Rabka-Zdrój,6,4
011216915011,011216915000,1215011,Jordanów,6,1
011216915021,011216915000,1215021,Sucha Beskidzka,6,1
011216915064,011216915063,1215064,Maków Podhalański,6,4
011216917011,011216917000,1217011,Zakopane,6,1
012414402011,012414402000,2402011,Szczyrk,6,1
012414402044,012414402043,2402044,Czechowice-Dziedzice,6,4
012414402094,012414402093,2402094,Wilamowice,6,4
012414403011,012414403000,2403011,Cieszyn,6,1
012414403021,012414403000,2403021,Ustroń,6,1
012414403031,012414403000,2403031,Wisła,6,1
012414403104,012414403103,2403104,Skoczów,6,4
012414403114,012414403113,2403114,Strumień,6,4
012414417011,012414417000,2417011,Żywiec,6,1
012414461011,012414461000,2461011,Bielsko-Biała,6,1
012414507011,012414507000,2407011,Lubliniec,6,1
012414507084,012414507083,2407084,Woźniki,6,4
012414513011,012414513000,2413011,Kalety,6,1
012414513021,012414513000,2413021,Miasteczko Śląskie,6,1
012414513031,012414513000,2413031,Radzionków,6,1
012414513041,012414513000,2413041,Tarnowskie Góry,6,1
012414562011,012414562000,2462011,Bytom,6,1
012414571011,012414571000,2471011,Piekary Śląskie,6,1
012414604014,012414604013,2404014,Blachownia,6,4
012414604064,012414604063,2404064,Koniecpol,6,4
012414604124,012414604123,2404124,Olsztyn,6,4
012414606014,012414606013,2406014,Kłobuck,6,4
012414606024,012414606023,2406024,Krzepice,6,4
012414609011,012414609000,2409011,Myszków,6,1
012414609024,012414609023,2409024,Koziegłowy,6,4
012414609054,012414609053,2409054,Żarki,6,4
012414664011,012414664000,2464011,Częstochowa,6,1
012414705011,012414705000,2405011,Knurów,6,1
012414705021,012414705000,2405021,Pyskowice,6,1
012414705064,012414705063,2405064,Sośnicowice,6,4
012414705074,012414705073,2405074,Toszek,6,4
012414766011,012414766000,2466011,Gliwice,6,1
012414778011,012414778000,2478011,Zabrze,6,1
012414863011,012414863000,2463011,Chorzów,6,1
012414869011,012414869000,2469011,Katowice,6,1
012414870011,012414870000,2470011,Mysłowice,6,1
012414872011,012414872000,2472011,Ruda Śląska,6,1
012414874011,012414874000,2474011,Siemianowice Śląskie,6,1
012414876011,012414876000,2476011,Świętochłowice,6,1
012414911011,012414911000,2411011,Racibórz,6,1
012414911034,012414911033,2411034,Krzanowice,6,4
012414911054,012414911053,2411054,Kuźnia Raciborska,6,4
012414912014,012414912013,2412014,Czerwionka-Leszczyny,6,4
012414915011,012414915000,2415011,Pszów,6,1
012414915021,012414915000,2415021,Radlin,6,1
012414915031,012414915000,2415031,Rydułtowy,6,1
012414915041,012414915000,2415041,Wodzisław Śląski,6,1
012414967011,012414967000,2467011,Jastrzębie-Zdrój,6,1
012414973011,012414973000,2473011,Rybnik,6,1
012414979011,012414979000,2479011,Żory,6,1
012415001011,012415001000,2401011,Będzin,6,1
012415001021,012415001000,2401021,Czeladź,6,1
012415001031,012415001000,2401031,Wojkowice,6,1
012415001074,012415001073,2401074,Siewierz,6,4
012415001081,012415001000,2401081,Sławków,6,1
012415016011,012415016000,2416011,Poręba,6,1
012415016021,012415016000,2416021,Zawiercie,6,1
012415016054,012415016053,2416054,Łazy,6,4
012415016064,012415016063,2416064,Ogrodzieniec,6,4
012415016074,012415016073,2416074,Pilica,6,4
012415016084,012415016083,2416084,Szczekociny,6,4
012415065011,012415065000,2465011,Dąbrowa Górnicza,6,1
012415068011,012415068000,2468011,Jaworzno,6,1
012415075011,012415075000,2475011,Sosnowiec,6,1
012415108011,012415108000,2408011,Łaziska Górne,6,1
012415108021,012415108000,2408021,Mikołów,6,1
012415108031,012415108000,2408031,Orzesze,6,1
012415110054,012415110053,2410054,Pszczyna,6,4
012415114011,012415114000,2414011,Bieruń,6,1
012415114021,012415114000,2414021,Imielin,6,1
012415114031,012415114000,2414031,Lędziny,6,1
012415177011,012415177000,2477011,Tychy,6,1
020811301011,020811301000,0801011,Kostrzyn nad Odrą,6,1
020811301074,020811301073,0801074,Witnica,6,4
020811303024,020811303023,0803024,Międzyrzecz,6,4
020811303054,020811303053,0803054,Skwierzyna,6,4
020811303064,020811303063,0803064,Trzciel,6,4
020811305014,020811305013,0805014,Cybinka,6,4
020811305034,020811305033,0805034,Ośno Lubuskie,6,4
020811305044,020811305043,0805044,Rzepin,6,4
020811305054,020811305053,0805054,Słubice,6,4
020811306014,020811306013,0806014,Dobiegniew,6,4
020811306024,020811306023,0806024,Drezdenko,6,4
020811306044,020811306043,0806044,Strzelce Krajeńskie,6,4
020811307024,020811307023,0807024,Lubniewice,6,4
020811307044,020811307043,0807044,Sulęcin,6,4
020811307054,020811307053,0807054,Torzym,6,4
020811361011,020811361000,0861011,Gorzów Wielkopolski,6,1
020811402011,020811402000,0802011,Gubin,6,1
020811402064,020811402063,0802064,Krosno Odrzańskie,6,4
020811404011,020811404000,0804011,Nowa Sól,6,1
020811404024,020811404023,0804024,Bytom Odrzański,6,4
020811404044,020811404043,0804044,Kożuchów,6,4
020811404064,020811404063,0804064,Nowe Miasteczko,6,4
020811404074,020811404073,0804074,Otyń,6,4
020811404094,020811404093,0804094,Sława,6,4
020811404104,020811404103,0804104,Szlichtyngowa,6,4
020811404114,020811404113,0804114,Wschowa,6,4
020811408054,020811408053,0808054,Świebodzin,6,4
020811408064,020811408063,0808064,Zbąszynek,6,4
020811409014,020811409013,0809014,Babimost,6,4
020811409034,020811409033,0809034,Czerwieńsk,6,4
020811409044,020811409043,0809044,Kargowa,6,4
020811409054,020811409053,0809054,Nowogród Bobrzański,6,4
020811409064,020811409063,0809064,Sulechów,6,4
020811410011,020811410000,0810011,Gozdnica,6,1
020811410021,020811410000,0810021,Żagań,6,1
020811410044,020811410043,0810044,Iłowa,6,4
020811410054,020811410053,0810054,Małomice,6,4
020811410074,020811410073,0810074,Szprotawa,6,4
020811411011,020811411000,0811011,Łęknica,6,1
020811411021,020811411000,0811021,Żary,6,1
020811411044,020811411043,0811044,Jasień,6,4
020811411064,020811411063,0811064,Lubsko,6,4
020811412014,020811412013,0812014,Sława,6,4
020811412024,020811412023,0812024,Szlichtyngowa,6,4
020811412034,020811412033,0812034,Wschowa,6,4
020811462011,020811462000,0862011,Zielona Góra,6,1
023015706014,023015706013,3006014,Jaraczewo,6,4
023015706024,023015706023,3006024,Jarocin,6,4
023015706044,023015706043,3006044,Żerków,6,4
023015707054,023015707053,3007054,Koźminek,6,4
023015707084,023015707083,3007084,Opatówek,6,4
023015707094,023015707093,3007094,Stawiszyn,6,4
023015708034,023015708033,3008034,Kępno,6,4
023015712011,023015712000,3012011,Sulmierzyce,6,1
023015712024,023015712023,3012024,Kobylin,6,4
023015712034,023015712033,3012034,Koźmin Wielkopolski,6,4
023015712044,023015712043,3012044,Krotoszyn,6,4
023015712064,023015712063,3012064,Zduny,6,4
023015717011,023015717000,3017011,Ostrów Wielkopolski,6,1
023015717024,023015717023,3017024,Nowe Skalmierzyce,6,4
023015717034,023015717033,3017034,Odolanów,6,4
023015717064,023015717063,3017064,Raszków,6,4
023015718034,023015718033,3018034,Grabów nad Prosną,6,4
023015718064,023015718063,3018064,Mikstat,6,4
023015718074,023015718073,3018074,Ostrzeszów,6,4
023015720014,023015720013,3020014,Chocz,6,4
023015720034,023015720033,3020034,Dobrzyca,6,4
023015720064,023015720063,3020064,Pleszew,6,4
023015761011,023015761000,3061011,Kalisz,6,1
023015803011,023015803000,3003011,Gniezno,6,1
023015803024,023015803023,3003024,Czerniejewo,6,4
023015803054,023015803053,3003054,Kłecko,6,4
023015803094,023015803093,3003094,Trzemeszno,6,4
023015803104,023015803103,3003104,Witkowo,6,4
023015809011,023015809000,3009011,Koło,6,1
023015809044,023015809043,3009044,Dąbie,6,4
023015809064,023015809063,3009064,Kłodawa,6,4
023015809114,023015809113,3009114,Przedecz,6,4
023015810014,023015810013,3010014,Golina,6,4
023015810044,023015810043,3010044,Kleczew,6,4
023015810074,023015810073,3010074,Rychwał,6,4
023015810104,023015810103,3010104,Sompolno,6,4
023015810124,023015810123,3010124,Ślesin,6,4
023015823011,023015823000,3023011,Słupca,6,1
023015823084,023015823083,3023084,Zagórów,6,4
023015827011,023015827000,3027011,Turek,6,1
023015827034,023015827033,3027034,Dobra,6,4
023015827074,023015827073,3027074,Tuliszków,6,4
023015830024,023015830023,3030024,Miłosław,6,4
023015830034,023015830033,3030034,Nekla,6,4
023015830044,023015830043,3030044,Pyzdry,6,4
023015830054,023015830053,3030054,Września,6,4
023015862011,023015862000,3062011,Konin,6,1
023015904014,023015904013,3004014,Borek Wielkopolski,6,4
023015904024,023015904023,3004024,Gostyń,6,4
023015904034,023015904033,3004034,Krobia,6,4
023015904064,023015904063,3004064,Pogorzela,6,4
023015904074,023015904073,3004074,Poniec,6,4
023015905024,023015905023,3005024,Grodzisk Wielkopolski,6,4
023015905044,023015905043,3005044,Rakoniewice,6,4
023015905054,023015905053,3005054,Wielichowo,6,4
023015911011,023015911000,3011011,Kościan,6,1
023015911024,023015911023,3011024,Czempiń,6,4
023015911044,023015911043,3011044,Krzywiń,6,4
023015911054,023015911053,3011054,Śmigiel,6,4
023015913034,023015913033,3013034,Osieczna,6,4
023015913044,023015913043,3013044,Rydzyna,6,4
023015914034,023015914033,3014034,Międzychód,6,4
023015914044,023015914043,3014044,Sieraków,6,4
023015915024,023015915023,3015024,Lwówek,6,4
023015915044,023015915043,3015044,Nowy Tomyśl,6,4
023015915054,023015915053,3015054,Opalenica,6,4
023015915064,023015915063,3015064,Zbąszyń,6,4
023015922014,023015922013,3022014,Bojanowo,6,4
023015922024,023015922023,3022024,Jutrosin,6,4
023015922034,023015922033,3022034,Miejska Górka,6,4
023015922054,023015922053,3022054,Rawicz,6,4
023015929034,023015929033,3029034,Wolsztyn,6,4
023015963011,023015963000,3063011,Leszno,6,1
023016001011,023016001000,3001011,Chodzież,6,1
023016001024,023016001023,3001024,Budzyń,6,4
023016001044,023016001043,3001044,Margonin,6,4
023016001054,023016001053,3001054,Szamocin,6,4
023016002011,023016002000,3002011,Czarnków,6,1
023016002044,023016002043,3002044,Krzyż Wielkopolski,6,4
023016002074,023016002073,3002074,Trzcianka,6,4
023016002084,023016002083,3002084,Wieleń,6,4
023016019011,023016019000,3019011,Piła,6,1
023016019034,023016019033,3019034,Kaczory,6,4
023016019044,023016019043,3019044,Łobżenica,6,4
023016019074,023016019073,3019074,Ujście,6,4
023016019084,023016019083,3019084,Wyrzysk,6,4
023016019094,023016019093,3019094,Wysoka,6,4
023016028011,023016028000,3028011,Wągrowiec,6,1
023016028034,023016028033,3028034,Gołańcz,6,4
023016028054,023016028053,3028054,Skoki,6,4
023016031011,023016031000,3031011,Złotów,6,1
023016031024,023016031023,3031024,Jastrowie,6,4
023016031034,023016031033,3031034,Krajenka,6,4
023016031054,023016031053,3031054,Okonek,6,4
023016116014,023016116013,3016014,Oborniki,6,4
023016116024,023016116023,3016024,Rogoźno,6,4
023016121011,023016121000,3021011,Luboń,6,1
023016121021,023016121000,3021021,Puszczykowo,6,1
023016121034,023016121033,3021034,Buk,6,4
023016121084,023016121083,3021084,Kostrzyn,6,4
023016121094,023016121093,3021094,Kórnik,6,4
023016121104,023016121103,3021104,Mosina,6,4
023016121114,023016121113,3021114,Murowana Goślina,6,4
023016121124,023016121123,3021124,Pobiedziska,6,4
023016121144,023016121143,3021144,Stęszew,6,4
023016121164,023016121163,3021164,Swarzędz,6,4
023016124011,023016124000,3024011,Obrzycko,6,1
023016124054,023016124053,3024054,Ostroróg,6,4
023016124064,023016124063,3024064,Pniewy,6,4
023016124074,023016124073,3024074,Szamotuły,6,4
023016124084,023016124083,3024084,Wronki,6,4
023016125044,023016125043,3025044,Środa Wielkopolska,6,4
023016126024,023016126023,3026024,Dolsk,6,4
023016126034,023016126033,3026034,Książ Wielkopolski,6,4
023016126044,023016126043,3026044,Śrem,6,4
023016264011,023016264000,3064011,Poznań,6,1
023216301011,023216301000,3201011,Białogard,6,1
023216301034,023216301033,3201034,Karlino,6,4
023216301044,023216301043,3201044,Tychowo,6,4
023216308011,023216308000,3208011,Kołobrzeg,6,1
023216308034,023216308033,3208034,Gościno,6,4
023216309034,023216309033,3209034,Bobolice,6,4
023216309054,023216309053,3209054,Mielno,6,4
023216309064,023216309063,3209064,Polanów,6,4
023216309074,023216309073,3209074,Sianów,6,4
023216313011,023216313000,3213011,Darłowo,6,1
023216313021,023216313000,3213021,Sławno,6,1
023216361011,023216361000,3261011,Koszalin,6,1
023216402024,023216402023,3202024,Choszczno,6,4
023216402034,023216402033,3202034,Drawno,6,4
023216402054,023216402053,3202054,Pełczyce,6,4
023216402064,023216402063,3202064,Recz,6,4
023216403014,023216403013,3203014,Czaplinek,6,4
023216403024,023216403023,3203024,Drawsko Pomorskie,6,4
023216403034,023216403033,3203034,Kalisz Pomorski,6,4
023216403064,023216403063,3203064,Złocieniec,6,4
023216410014,023216410013,3210014,Barlinek,6,4
023216410034,023216410033,3210034,Dębno,6,4
023216410044,023216410043,3210044,Myślibórz,6,4
023216412034,023216412033,3212034,Lipiany,6,4
023216412054,023216412053,3212054,Pyrzyce,6,4
023216415011,023216415000,3215011,Szczecinek,6,1
023216415024,023216415023,3215024,Barwice,6,4
023216415034,023216415033,3215034,Biały Bór,6,4
023216415044,023216415043,3215044,Borne Sulinowo,6,4
023216416011,023216416000,3216011,Świdwin,6,1
023216416034,023216416033,3216034,Połczyn-Zdrój,6,4
023216417011,023216417000,3217011,Wałcz,6,1
023216417024,023216417023,3217024,Człopa,6,4
023216417034,023216417033,3217034,Mirosławiec,6,4
023216417044,023216417043,3217044,Tuczno,6,4
023216418014,023216418013,3218014,Dobra,6,4
023216418024,023216418023,3218024,Łobez,6,4
023216418044,023216418043,3218044,Resko,6,4
023216418054,023216418053,3218054,Węgorzyno,6,4
023216562011,023216562000,3262011,Szczecin,6,1
023216604014,023216604013,3204014,Dobra,6,4
023216604024,023216604023,3204024,Goleniów,6,4
023216604034,023216604033,3204034,Maszewo,6,4
023216604044,023216604043,3204044,Nowogard,6,4
023216604074,023216604073,3204074,Stepnica,6,4
023216605024,023216605023,3205024,Gryfice,6,4
023216605044,023216605043,3205044,Płoty,6,4
023216605064,023216605063,3205064,Resko,6,4
023216605084,023216605083,3205084,Trzebiatów,6,4
023216606024,023216606023,3206024,Cedynia,6,4
023216606034,023216606033,3206034,Chojna,6,4
023216606044,023216606043,3206044,Gryfino,6,4
023216606054,023216606053,3206054,Mieszkowice,6,4
023216606064,023216606063,3206064,Moryń,6,4
023216606084,023216606083,3206084,Trzcińsko-Zdrój,6,4
023216607014,023216607013,3207014,Dziwnów,6,4
023216607024,023216607023,3207024,Golczewo,6,4
023216607034,023216607033,3207034,Kamień Pomorski,6,4
023216607044,023216607043,3207044,Międzyzdroje,6,4
023216607064,023216607063,3207064,Wolin,6,4
023216611034,023216611033,3211034,Nowe Warpno,6,4
023216611044,023216611043,3211044,Police,6,4
023216614011,023216614000,3214011,Stargard,6,1
023216614024,023216614023,3214024,Chociwel,6,4
023216614034,023216614033,3214034,Dobrzany,6,4
023216614054,023216614053,3214054,Ińsko,6,4
023216614074,023216614073,3214074,Łobez,6,4
023216614114,023216614113,3214114,Suchań,6,4
023216614124,023216614123,3214124,Węgorzyno,6,4
023216663011,023216663000,3263011,Świnoujście,6,1
030210101011,030210101000,0201011,Bolesławiec,6,1
030210101044,030210101043,0201044,Nowogrodziec,6,4
030210105011,030210105000,0205011,Jawor,6,1
030210105024,030210105023,0205024,Bolków,6,4
030210106011,030210106000,0206011,Karpacz,6,1
030210106021,030210106000,0206021,Kowary,6,1
030210106031,030210106000,0206031,Piechowice,6,1
030210106041,030210106000,0206041,Szklarska Poręba,6,1
030210107011,030210107000,0207011,Kamienna Góra,6,1
030210107034,030210107033,0207034,Lubawka,6,4
030210110011,030210110000,0210011,Lubań,6,1
030210110021,030210110000,0210021,Świeradów-Zdrój,6,1
030210110034,030210110033,0210034,Leśna,6,4
030210110054,030210110053,0210054,Olszyna,6,4
030210112014,030210112013,0212014,Gryfów Śląski,6,4
030210112024,030210112023,0212024,Lubomierz,6,4
030210112034,030210112033,0212034,Lwówek Śląski,6,4
030210112044,030210112043,0212044,Mirsk,6,4
030210112054,030210112053,0212054,Wleń,6,4
030210125011,030210125000,0225011,Zawidów,6,1
030210125021,030210125000,0225021,Zgorzelec,6,1
030210125034,030210125033,0225034,Bogatynia,6,4
030210125044,030210125043,0225044,Pieńsk,6,4
030210125064,030210125063,0225064,Węgliniec,6,4
030210126011,030210126000,0226011,Wojcieszów,6,1
030210126021,030210126000,0226021,Złotoryja,6,1
030210126044,030210126043,0226044,Świerzawa,6,4
030210161011,030210161000,0261011,Jelenia Góra,6,1
030210203011,030210203000,0203011,Głogów,6,1
030210204014,030210204013,0204014,Góra,6,4
030210204044,030210204043,0204044,Wąsosz,6,4
030210209011,030210209000,0209011,Chojnów,6,1
030210209074,030210209073,0209074,Prochowice,6,4
030210211011,030210211000,0211011,Lubin,6,1
030210211044,030210211043,0211044,Ścinawa,6,4
030210216014,030210216013,0216014,Chocianów,6,4
030210216044,030210216043,0216044,Polkowice,6,4
030210216054,030210216053,0216054,Przemków,6,4
030210262011,030210262000,0262011,Legnica,6,1
030210302011,030210302000,0202011,Bielawa,6,1
030210302021,030210302000,0202021,Dzierżoniów,6,1
030210302031,030210302000,0202031,Pieszyce,6,1
030210302034,030210302033,0202034,Pieszyce,6,4
030210302041,030210302000,0202041,Piława Górna,6,1
030210302074,030210302073,0202074,Niemcza,6,4
030210308011,030210308000,0208011,Duszniki-Zdrój,6,1
030210308021,030210308000,0208021,Kłodzko,6,1
030210308031,030210308000,0208031,Kudowa-Zdrój,6,1
030210308041,030210308000,0208041,Nowa Ruda,6,1
030210308051,030210308000,0208051,Polanica-Zdrój,6,1
030210308064,030210308063,0208064,Bystrzyca Kłodzka,6,4
030210308084,030210308083,0208084,Lądek-Zdrój,6,4
030210308104,030210308103,0208104,Międzylesie,6,4
030210308124,030210308123,0208124,Radków,6,4
030210308134,030210308133,0208134,Stronie Śląskie,6,4
030210308144,030210308143,0208144,Szczytna,6,4
030210319011,030210319000,0219011,Świdnica,6,1
030210319021,030210319000,0219021,Świebodzice,6,1
030210319044,030210319043,0219044,Jaworzyna Śląska,6,4
030210319064,030210319063,0219064,Strzegom,6,4
030210319084,030210319083,0219084,Żarów,6,4
030210321011,030210321000,0221011,Boguszów-Gorce,6,1
030210321021,030210321000,0221021,Jedlina-Zdrój,6,1
030210321031,030210321000,0221031,Szczawno-Zdrój,6,1
030210321054,030210321053,0221054,Głuszyca,6,4
030210321064,030210321063,0221064,Mieroszów,6,4
030210321091,030210321000,0221091,Wałbrzych,6,1
030210324014,030210324013,0224014,Bardo,6,4
030210324034,030210324033,0224034,Kamieniec Ząbkowicki,6,4
030210324054,030210324053,0224054,Ząbkowice Śląskie,6,4
030210324064,030210324063,0224064,Ziębice,6,4
030210324074,030210324073,0224074,Złoty Stok,6,4
030210363011,030210363000,0263011,Wałbrzych,6,1
030210365011,030210365000,0265011,Wałbrzych,6,1
030210413034,030210413033,0213034,Milicz,6,4
030210414011,030210414000,0214011,Oleśnica,6,1
030210414024,030210414023,0214024,Bierutów,6,4
030210414054,030210414053,0214054,Międzybórz,6,4
030210414074,030210414073,0214074,Syców,6,4
030210414084,030210414083,0214084,Twardogóra,6,4
030210415011,030210415000,0215011,Oława,6,1
030210415034,030210415033,0215034,Jelcz-Laskowice,6,4
030210417044,030210417043,0217044,Strzelin,6,4
030210417054,030210417053,0217054,Wiązów,6,4
030210418044,030210418043,0218044,Środa Śląska,6,4
030210420014,030210420013,0220014,Oborniki Śląskie,6,4
030210420024,030210420023,0220024,Prusice,6,4
030210420034,030210420033,0220034,Trzebnica,6,4
030210420064,030210420063,0220064,Żmigród,6,4
030210422014,030210422013,0222014,Brzeg Dolny,6,4
030210422034,030210422033,0222034,Wołów,6,4
030210423044,030210423043,0223044,Kąty Wrocławskie,6,4
030210423074,030210423073,0223074,Sobótka,6,4
030210423084,030210423083,0223084,Siechnice,6,4
030210564011,030210564000,0264011,Wrocław,6,1
031613101011,031613101000,1601011,Brzeg,6,1
031613101034,031613101033,1601034,Grodków,6,4
031613101044,031613101043,1601044,Lewin Brzeski,6,4
031613102014,031613102013,1602014,Baborów,6,4
031613102034,031613102033,1602034,Głubczyce,6,4
031613102044,031613102043,1602044,Kietrz,6,4
031613106024,031613106023,1606024,Namysłów,6,4
031613107014,031613107013,1607014,Głuchołazy,6,4
031613107034,031613107033,1607034,Korfantów,6,4
031613107054,031613107053,1607054,Nysa,6,4
031613107064,031613107063,1607064,Otmuchów,6,4
031613107074,031613107073,1607074,Paczków,6,4
031613110014,031613110013,1610014,Biała,6,4
031613110024,031613110023,1610024,Głogówek,6,4
031613110044,031613110043,1610044,Prudnik,6,4
031613203011,031613203000,1603011,Kędzierzyn-Koźle,6,1
031613204014,031613204013,1604014,Byczyna,6,4
031613204024,031613204023,1604024,Kluczbork,6,4
031613204044,031613204043,1604044,Wołczyn,6,4
031613205014,031613205013,1605014,Gogolin,6,4
031613205024,031613205023,1605024,Krapkowice,6,4
031613205054,031613205053,1605054,Zdzieszowice,6,4
031613208014,031613208013,1608014,Dobrodzień,6,4
031613208024,031613208023,1608024,Gorzów Śląski,6,4
031613208034,031613208033,1608034,Olesno,6,4
031613208044,031613208043,1608044,Praszka,6,4
031613209074,031613209073,1609074,Niemodlin,6,4
031613209084,031613209083,1609084,Ozimek,6,4
031613209104,031613209103,1609104,Prószków,6,4
031613209124,031613209123,1609124,Tułowice,6,4
031613211034,031613211033,1611034,Kolonowskie,6,4
031613211044,031613211043,1611044,Leśnica,6,4
031613211054,031613211053,1611054,Strzelce Opolskie,6,4
031613211064,031613211063,1611064,Ujazd,6,4
031613211074,031613211073,1611074,Zawadzkie,6,4
031613261011,031613261000,1661011,Opole,6,1
040410603044,040410603043,0403044,Koronowo,6,4
040410603084,040410603083,0403084,Solec Kujawski,6,4
040410615011,040410615000,0415011,Chełmża,6,1
040410661011,040410661000,0461011,Bydgoszcz,6,1
040410663011,040410663000,0463011,Toruń,6,1
040410702011,040410702000,0402011,Brodnica,6,1
040410702054,040410702053,0402054,Górzno,6,4
040410702074,040410702073,0402074,Jabłonowo Pomorskie,6,4
040410704011,040410704000,0404011,Chełmno,6,1
040410705011,040410705000,0405011,Golub-Dobrzyń,6,1
040410705044,040410705043,0405044,Kowalewo Pomorskie,6,4
040410706034,040410706033,0406034,Łasin,6,4
040410706044,040410706043,0406044,Radzyń Chełmiński,6,4
040410712011,040410712000,0412011,Rypin,6,1
040410717011,040410717000,0417011,Wąbrzeźno,6,1
040410762011,040410762000,0462011,Grudziądz,6,1
040410801011,040410801000,0401011,Aleksandrów Kujawski,6,1
040410801021,040410801000,0401021,Ciechocinek,6,1
040410801031,040410801000,0401031,Nieszawa,6,1
040410808011,040410808000,0408011,Lipno,6,1
040410808044,040410808043,0408044,Dobrzyń nad Wisłą,6,4
040410808074,040410808073,0408074,Skępe,6,4
040410811011,040410811000,0411011,Radziejów,6,1
040410811054,040410811053,0411054,Piotrków Kujawski,6,4
040410818011,040410818000,0418011,Kowal,6,1
040410818044,040410818043,0418044,Brześć Kujawski,6,4
040410818064,040410818063,0418064,Chodecz,6,4
040410818084,040410818083,0418084,Izbica Kujawska,6,4
040410818114,040410818113,0418114,Lubień Kujawski,6,4
040410818124,040410818123,0418124,Lubraniec,6,4
040410864011,040410864000,0464011,Włocławek,6,1
040416707011,040416707000,0407011,Inowrocław,6,1
040416707034,040416707033,0407034,Gniewkowo,6,4
040416707054,040416707053,0407054,Janikowo,6,4
040416707064,040416707063,0407064,Kruszwica,6,4
040416707074,040416707073,0407074,Pakość,6,4
040416709034,040416709033,0409034,Mogilno,6,4
040416709044,040416709043,0409044,Strzelno,6,4
040416710014,040416710013,0410014,Kcynia,6,4
040416710024,040416710023,0410024,Mrocza,6,4
040416710034,040416710033,0410034,Nakło nad Notecią,6,4
040416710054,040416710053,0410054,Szubin,6,4
040416719014,040416719013,0419014,Barcin,6,4
040416719034,040416719033,0419034,Janowiec Wielkopolski,6,4
040416719044,040416719043,0419044,Łabiszyn,6,4
040416719064,040416719063,0419064,Żnin,6,4
040416813014,040416813013,0413014,Kamień Krajeński,6,4
040416813024,040416813023,0413024,Sępólno Krajeńskie,6,4
040416813044,040416813043,0413044,Więcbork,6,4
040416814064,040416814063,0414064,Nowe,6,4
040416814084,040416814083,0414084,Pruszcz,6,4
040416814094,040416814093,0414094,Świecie,6,4
040416816064,040416816063,0416064,Tuchola,6,4
042214004011,042214004000,2204011,Pruszcz Gdański,6,1
042214005024,042214005023,2205024,Kartuzy,6,4
042214005084,042214005083,2205084,Żukowo,6,4
042214010011,042214010000,2210011,Krynica Morska,6,1
042214010024,042214010023,2210024,Nowy Dwór Gdański,6,4
042214011011,042214011000,2211011,Hel,6,1
042214011021,042214011000,2211021,Jastarnia,6,1
042214011024,042214011023,2211024,Jastarnia,6,4
042214011031,042214011000,2211031,Puck,6,1
042214011041,042214011000,2211041,Władysławowo,6,1
042214011044,042214011043,2211044,Władysławowo,6,4
042214015011,042214015000,2215011,Reda,6,1
042214015021,042214015000,2215021,Rumia,6,1
042214015031,042214015000,2215031,Wejherowo,6,1
042214101024,042214101023,2201024,Bytów,6,4
042214101064,042214101063,2201064,Miastko,6,4
042214108011,042214108000,2208011,Lębork,6,1
042214108021,042214108000,2208021,Łeba,6,1
042214112011,042214112000,2212011,Ustka,6,1
042214112054,042214112053,2212054,Kępice,6,4
042214163011,042214163000,2263011,Słupsk,6,1
042214207011,042214207000,2207011,Kwidzyn,6,1
042214207044,042214207043,2207044,Prabuty,6,4
042214209011,042214209000,2209011,Malbork,6,1
042214209024,042214209023,2209024,Dzierzgoń,6,4
042214209074,042214209073,2209074,Nowy Staw,6,4
042214209114,042214209113,2209114,Sztum,6,4
042214213011,042214213000,2213011,Czarna Woda,6,1
042214213014,042214213013,2213014,Czarna Woda,6,4
042214213021,042214213000,2213021,Skórcz,6,1
042214213031,042214213000,2213031,Starogard Gdański,6,1
042214213094,042214213093,2213094,Skarszewy,6,4
042214214011,042214214000,2214011,Tczew,6,1
042214214024,042214214023,2214024,Gniew,6,4
042214214044,042214214043,2214044,Pelplin,6,4
042214216014,042214216013,2216014,Dzierzgoń,6,4
042214216054,042214216053,2216054,Sztum,6,4
042214361011,042214361000,2261011,Gdańsk,6,1
042214362011,042214362000,2262011,Gdynia,6,1
042214364011,042214364000,2264011,Sopot,6,1
042217202011,042217202000,2202011,Chojnice,6,1
042217202024,042217202023,2202024,Brusy,6,4
042217202044,042217202043,2202044,Czersk,6,4
042217203011,042217203000,2203011,Człuchów,6,1
042217203024,042217203023,2203024,Czarne,6,4
042217203044,042217203043,2203044,Debrzno,6,4
042217206011,042217206000,2206011,Kościerzyna,6,1
042815402011,042815402000,2802011,Braniewo,6,1
042815402034,042815402033,2802034,Frombork,6,4
042815402054,042815402053,2802054,Pieniężno,6,4
042815403011,042815403000,2803011,Działdowo,6,1
042815403044,042815403043,2803044,Lidzbark,6,4
042815404064,042815404063,2804064,Młynary,6,4
042815404074,042815404073,2804074,Pasłęk,6,4
042815404094,042815404093,2804094,Tolkmicko,6,4
042815407011,042815407000,2807011,Iława,6,1
042815407021,042815407000,2807021,Lubawa,6,1
042815407044,042815407043,2807044,Kisielice,6,4
042815407064,042815407063,2807064,Susz,6,4
042815407074,042815407073,2807074,Zalewo,6,4
042815412011,042815412000,2812011,Nowe Miasto Lubawskie,6,1
042815415011,042815415000,2815011,Ostróda,6,1
042815415064,042815415063,2815064,Miłakowo,6,4
042815415074,042815415073,2815074,Miłomłyn,6,4
042815415084,042815415083,2815084,Morąg,6,4
042815461011,042815461000,2861011,Elbląg,6,1
042815505011,042815505000,2805011,Ełk,6,1
042815506011,042815506000,2806011,Giżycko,6,1
042815506084,042815506083,2806084,Ryn,6,4
042815506094,042815506093,2806094,Węgorzewo,6,4
042815513024,042815513023,2813024,Gołdap,6,4
042815513044,042815513043,2813044,Olecko,6,4
042815516014,042815516013,2816014,Biała Piska,6,4
042815516024,042815516023,2816024,Orzysz,6,4
042815516034,042815516033,2816034,Pisz,6,4
042815516044,042815516043,2816044,Ruciane-Nida,6,4
042815518034,042815518033,2818034,Gołdap,6,4
042815519034,042815519033,2819034,Węgorzewo,6,4
042815601011,042815601000,2801011,Bartoszyce,6,1
042815601021,042815601000,2801021,Górowo Iławeckie,6,1
042815601044,042815601043,2801044,Bisztynek,6,4
042815601064,042815601063,2801064,Sępopol,6,4
042815608011,042815608000,2808011,Kętrzyn,6,1
042815608044,042815608043,2808044,Korsze,6,4
042815608054,042815608053,2808054,Reszel,6,4
042815609011,042815609000,2809011,Lidzbark Warmiński,6,1
042815609054,042815609053,2809054,Orneta,6,4
042815610011,042815610000,2810011,Mrągowo,6,1
042815610024,042815610023,2810024,Mikołajki,6,4
042815611044,042815611043,2811044,Nidzica,6,4
042815614014,042815614013,2814014,Barczewo,6,4
042815614024,042815614023,2814024,Biskupiec,6,4
042815614034,042815614033,2814034,Dobre Miasto,6,4
042815614064,042815614063,2814064,Jeziorany,6,4
042815614094,042815614093,2814094,Olsztynek,6,4
042815617011,042815617000,2817011,Szczytno,6,1
042815617044,042815617043,2817044,Pasym,6,4
042815617084,042815617083,2817084,Wielbark,6,4
042815662011,042815662000,2862011,Olsztyn,6,1
051011506011,051011506000,1006011,Brzeziny,6,1
051011506074,051011506073,1006074,Koluszki,6,4
051011506104,051011506103,1006104,Rzgów,6,4
051011506114,051011506113,1006114,Tuszyn,6,4
051011508011,051011508000,1008011,Konstantynów Łódzki,6,1
051011508021,051011508000,1008021,Pabianice,6,1
051011508064,051011508063,1008064,Lutomiersk,6,4
051011520011,051011520000,1020011,Głowno,6,1
051011520021,051011520000,1020021,Ozorków,6,1
051011520031,051011520000,1020031,Zgierz,6,1
051011520044,051011520043,1020044,Aleksandrów Łódzki,6,4
051011520084,051011520083,1020084,Stryków,6,4
051011521011,051011521000,1021011,Brzeziny,6,1
051011661011,051011661000,1061011,Łódź,6,1
051011701011,051011701000,1001011,Bełchatów,6,1
051011701084,051011701083,1001084,Zelów,6,4
051011707024,051011707023,1007024,Drzewica,6,4
051011707044,051011707043,1007044,Opoczno,6,4
051011710094,051011710093,1010094,Sulejów,6,4
051011710114,051011710113,1010114,Wolbórz,6,4
051011712011,051011712000,1012011,Radomsko,6,1
051011712054,051011712053,1012054,Kamieńsk,6,4
051011712114,051011712113,1012114,Przedbórz,6,4
051011716011,051011716000,1016011,Tomaszów Mazowiecki,6,1
051011762011,051011762000,1062011,Piotrków Trybunalski,6,1
051011803024,051011803023,1003024,Łask,6,4
051011809014,051011809013,1009014,Działoszyn,6,4
051011809044,051011809043,1009044,Pajęczno,6,4
051011811034,051011811033,1011034,Poddębice,6,4
051011811044,051011811043,1011044,Uniejów,6,4
051011814011,051011814000,1014011,Sieradz,6,1
051011814024,051011814023,1014024,Błaszki,6,4
051011814094,051011814093,1014094,Warta,6,4
051011814114,051011814113,1014114,Złoczew,6,4
051011817094,051011817093,1017094,Wieluń,6,4
051011818044,051011818043,1018044,Lututów,6,4
051011818074,051011818073,1018074,Wieruszów,6,4
051011819011,051011819000,1019011,Zduńska Wola,6,1
051011819024,051011819023,1019024,Szadek,6,4
051011902011,051011902000,1002011,Kutno,6,1
051011902044,051011902043,1002044,Krośniewice,6,4
051011902114,051011902113,1002114,Żychlin,6,4
051011904011,051011904000,1004011,Łęczyca,6,1
051011904064,051011904063,1004064,Piątek,6,4
051011905011,051011905000,1005011,Łowicz,6,1
051011913011,051011913000,1013011,Rawa Mazowiecka,6,1
051011913024,051011913023,1013024,Biała Rawska,6,4
051011915014,051011915013,1015014,Bolimów,6,4
051011963011,051011963000,1063011,Skierniewice,6,1
052615204024,052615204023,2604024,Bodzentyn,6,4
052615204034,052615204033,2604034,Chęciny,6,4
052615204044,052615204043,2604044,Chmielnik,6,4
052615204054,052615204053,2604054,Daleszyce,6,4
052615204074,052615204073,2604074,Łagów,6,4
052615204124,052615204123,2604124,Morawica,6,4
052615204134,052615204133,2604134,Nowa Słupia,6,4
052615204154,052615204153,2604154,Pierzchnica,6,4
052615205034,052615205033,2605034,Końskie,6,4
052615205044,052615205043,2605044,Radoszyce,6,4
052615205084,052615205083,2605084,Stąporków,6,4
052615207011,052615207000,2607011,Ostrowiec Świętokrzyski,6,1
052615207044,052615207043,2607044,Ćmielów,6,4
052615207054,052615207053,2607054,Kunów,6,4
052615210011,052615210000,2610011,Skarżysko-Kamienna,6,1
052615210054,052615210053,2610054,Suchedniów,6,4
052615211011,052615211000,2611011,Starachowice,6,1
052615211054,052615211053,2611054,Wąchock,6,4
052615261011,052615261000,2661011,Kielce,6,1
052615301014,052615301013,2601014,Busko-Zdrój,6,4
052615301034,052615301033,2601034,Nowy Korczyn,6,4
052615301044,052615301043,2601044,Pacanów,6,4
052615301064,052615301063,2601064,Stopnica,6,4
052615301084,052615301083,2601084,Wiślica,6,4
052615302024,052615302023,2602024,Jędrzejów,6,4
052615302034,052615302033,2602034,Małogoszcz,6,4
052615302064,052615302063,2602064,Sędziszów,6,4
052615302094,052615302093,2602094,Wodzisław,6,4
052615303034,052615303033,2603034,Kazimierza Wielka,6,4
052615303044,052615303043,2603044,Opatowiec,6,4
052615303054,052615303053,2603054,Skalbmierz,6,4
052615306024,052615306023,2606024,Iwaniska,6,4
052615306044,052615306043,2606044,Opatów,6,4
052615306054,052615306053,2606054,Ożarów,6,4
052615308014,052615308013,2608014,Działoszyce,6,4
052615308044,052615308043,2608044,Pińczów,6,4
052615309011,052615309000,2609011,Sandomierz,6,1
052615309034,052615309033,2609034,Klimontów,6,4
052615309044,052615309043,2609044,Koprzywnica,6,4
052615309094,052615309093,2609094,Zawichost,6,4
052615312034,052615312033,2612034,Oleśnica,6,4
052615312044,052615312043,2612044,Osiek,6,4
052615312054,052615312053,2612054,Połaniec,6,4
052615312074,052615312073,2612074,Staszów,6,4
052615312084,052615312083,2612084,Szydłów,6,4
052615313064,052615313063,2613064,Włoszczowa,6,4
060610901011,060610901000,0601011,Międzyrzec Podlaski,6,1
060610901021,060610901000,0601021,Terespol,6,1
060610913044,060610913043,0613044,Parczew,6,4
060610915011,060610915000,0615011,Radzyń Podlaski,6,1
060610919011,060610919000,0619011,Włodawa,6,1
060610961011,060610961000,0661011,Biała Podlaska,6,1
060611002011,060611002000,0602011,Biłgoraj,6,1
060611002054,060611002053,0602054,Frampol,6,4
060611002064,060611002063,0602064,Goraj,6,4
060611002074,060611002073,0602074,Józefów,6,4
060611002124,060611002123,0602124,Tarnogród,6,4
060611003011,060611003000,0603011,Rejowiec Fabryczny,6,1
060611003114,060611003113,0603114,Siedliszcze,6,4
060611003154,060611003153,0603154,Rejowiec,6,4
060611004011,060611004000,0604011,Hrubieszów,6,1
060611006011,060611006000,0606011,Krasnystaw,6,1
060611006044,060611006043,0606044,Izbica,6,4
060611018011,060611018000,0618011,Tomaszów Lubelski,6,1
060611018054,060611018053,0618054,Lubycza Królewska,6,4
060611018064,060611018063,0618064,Łaszczów,6,4
060611018124,060611018123,0618124,Tyszowce,6,4
060611020044,060611020043,0620044,Krasnobród,6,4
060611020134,060611020133,0620134,Szczebrzeszyn,6,4
060611020154,060611020153,0620154,Zwierzyniec,6,4
060611062011,060611062000,0662011,Chełm,6,1
060611064011,060611064000,0664011,Zamość,6,1
060611108011,060611108000,0608011,Lubartów,6,1
060611108054,060611108053,0608054,Kamionka,6,4
060611108064,060611108063,0608064,Kock,6,4
060611108104,060611108103,0608104,Ostrów Lubelski,6,4
060611109014,060611109013,0609014,Bełżyce,6,4
060611109034,060611109033,0609034,Bychawa,6,4
060611110034,060611110033,0610034,Łęczna,6,4
060611117011,060611117000,0617011,Świdnik,6,1
060611117034,060611117033,0617034,Piaski,6,4
060611163011,060611163000,0663011,Lublin,6,1
060611205054,060611205053,0605054,Janów Lubelski,6,4
060611205064,060611205063,0605064,Modliborzyce,6,4
060611207011,060611207000,0607011,Kraśnik,6,1
060611207024,060611207023,0607024,Annopol,6,4
060611207084,060611207083,0607084,Urzędów,6,4
060611211011,060611211000,0611011,Łuków,6,1
060611211021,060611211000,0611021,Stoczek Łukowski,6,1
060611211084,060611211083,0611084,Stoczek Łukowski,6,4
060611212024,060611212023,0612024,Józefów nad Wisłą,6,4
060611212054,060611212053,0612054,Opole Lubelskie,6,4
060611212064,060611212063,0612064,Poniatowa,6,4
060611214011,060611214000,0614011,Puławy,6,1
060611214044,060611214043,0614044,Kazimierz Dolny,6,4
060611214084,060611214083,0614084,Nałęczów,6,4
060611216011,060611216000,0616011,Dęblin,6,1
060611216044,060611216043,0616044,Ryki,6,4
061813301044,061813301043,1801044,Lesko,6,4
061813301084,061813301083,1801084,Ustrzyki Dolne,6,4
061813302014,061813302013,1802014,Brzozów,6,4
061813305011,061813305000,1805011,Jasło,6,1
061813305054,061813305053,1805054,Kołaczyce,6,4
061813307024,061813307023,1807024,Dukla,6,4
061813307034,061813307033,1807034,Iwonicz-Zdrój,6,4
061813307044,061813307043,1807044,Jedlicze,6,4
061813307084,061813307083,1807084,Rymanów,6,4
061813317011,061813317000,1817011,Sanok,6,1
061813317074,061813317073,1817074,Zagórz,6,4
061813321034,061813321033,1821034,Lesko,6,4
061813361011,061813361000,1861011,Krosno,6,1
061813404011,061813404000,1804011,Jarosław,6,1
061813404021,061813404000,1804021,Radymno,6,1
061813404074,061813404073,1804074,Pruchnik,6,4
061813409011,061813409000,1809011,Lubaczów,6,1
061813409024,061813409023,1809024,Cieszanów,6,4
061813409054,061813409053,1809054,Narol,6,4
061813409064,061813409063,1809064,Oleszyce,6,4
061813413024,061813413023,1813024,Dubiecko,6,4
061813414011,061813414000,1814011,Przeworsk,6,1
061813414054,061813414053,1814054,Kańczuga,6,4
061813414074,061813414073,1814074,Sieniawa,6,4
061813462011,061813462000,1862011,Przemyśl,6,1
061813506024,061813506023,1806024,Kolbuszowa,6,4
061813510011,061813510000,1810011,Łańcut,6,1
061813515034,061813515033,1815034,Ropczyce,6,4
061813515044,061813515043,1815044,Sędziszów Małopolski,6,4
061813516011,061813516000,1816011,Dynów,6,1
061813516024,061813516023,1816024,Błażowa,6,4
061813516034,061813516033,1816034,Boguchwała,6,4
061813516064,061813516063,1816064,Głogów Małopolski,6,4
061813516114,061813516113,1816114,Sokołów Małopolski,6,4
061813516144,061813516143,1816144,Tyczyn,6,4
061813519044,061813519043,1819044,Strzyżów,6,4
061813563011,061813563000,1863011,Rzeszów,6,1
061813603011,061813603000,1803011,Dębica,6,1
061813603024,061813603023,1803024,Brzostek,6,4
061813603064,061813603063,1803064,Pilzno,6,4
061813608011,061813608000,1808011,Leżajsk,6,1
061813608054,061813608053,1808054,Nowa Sarzyna,6,4
061813611011,061813611000,1811011,Mielec,6,1
061813611074,061813611073,1811074,Przecław,6,4
061813611084,061813611083,1811084,Radomyśl Wielki,6,4
061813612054,061813612053,1812054,Nisko,6,4
061813612064,061813612063,1812064,Rudnik nad Sanem,6,4
061813612074,061813612073,1812074,Ulanów,6,4
061813618011,061813618000,1818011,Stalowa Wola,6,1
061813618054,061813618053,1818054,Zaklików,6,4
061813620014,061813620013,1820014,Baranów Sandomierski,6,4
061813620044,061813620043,1820044,Nowa Dęba,6,4
061813664011,061813664000,1864011,Tarnobrzeg,6,1
062013702014,062013702013,2002014,Choroszcz,6,4
062013702024,062013702023,2002024,Czarna Białostocka,6,4
062013702064,062013702063,2002064,Łapy,6,4
062013702074,062013702073,2002074,Michałowo,6,4
062013702094,062013702093,2002094,Supraśl,6,4
062013702104,062013702103,2002104,Suraż,6,4
062013702124,062013702123,2002124,Tykocin,6,4
062013702134,062013702133,2002134,Wasilków,6,4
062013702144,062013702143,2002144,Zabłudów,6,4
062013711014,062013711013,2011014,Dąbrowa Białostocka,6,4
062013711044,062013711043,2011044,Krynki,6,4
062013711084,062013711083,2011084,Sokółka,6,4
062013711094,062013711093,2011094,Suchowola,6,4
062013761011,062013761000,2061011,Białystok,6,1
062013803011,062013803000,2003011,Bielsk Podlaski,6,1
062013803021,062013803000,2003021,Brańsk,6,1
062013805011,062013805000,2005011,Hajnówka,6,1
062013805074,062013805073,2005074,Kleszczele,6,4
062013806011,062013806000,2006011,Kolno,6,1
062013806054,062013806053,2006054,Stawiski,6,4
062013807014,062013807013,2007014,Jedwabne,6,4
062013807044,062013807043,2007044,Nowogród,6,4
062013810011,062013810000,2010011,Siemiatycze,6,1
062013810024,062013810023,2010024,Drohiczyn,6,4
062013813011,062013813000,2013011,Wysokie Mazowieckie,6,1
062013813024,062013813023,2013024,Ciechanowiec,6,4
062013813034,062013813033,2013034,Czyżew,6,4
062013813094,062013813093,2013094,Szepietowo,6,4
062013814011,062013814000,2014011,Zambrów,6,1
062013862011,062013862000,2062011,Łomża,6,1
062013901011,062013901000,2001011,Augustów,6,1
062013901044,062013901043,2001044,Lipsk,6,4
062013904011,062013904000,2004011,Grajewo,6,1
062013904044,062013904043,2004044,Rajgród,6,4
062013904054,062013904053,2004054,Szczuczyn,6,4
062013908014,062013908013,2008014,Goniądz,6,4
062013908044,062013908043,2008044,Knyszyn,6,4
062013908064,062013908063,2008064,Mońki,6,4
062013909011,062013909000,2009011,Sejny,6,1
062013963011,062013963000,2063011,Suwałki,6,1
071412831001,071412831000,1431001,M.st.Warszawa,6,1
071412865011,071412865000,1465011,M.st.Warszawa,6,1
071412908011,071412908000,1408011,Legionowo,6,1
071412908044,071412908043,1408044,Serock,6,4
071412912011,071412912000,1412011,Mińsk Mazowiecki,6,1
071412912021,071412912000,1412021,Sulejówek,6,1
071412912044,071412912043,1412044,Cegłów,6,4
071412912074,071412912073,1412074,Halinów,6,4
071412912094,071412912093,1412094,Kałuszyn,6,4
071412912124,071412912123,1412124,Mrozy,6,4
071412912151,071412912000,1412151,Sulejówek,6,1
071412917011,071412917000,1417011,Józefów,6,1
071412917021,071412917000,1417021,Otwock,6,1
071412917044,071412917043,1417044,Karczew,6,4
071412934011,071412934000,1434011,Kobyłka,6,1
071412934021,071412934000,1434021,Marki,6,1
071412934031,071412934000,1434031,Ząbki,6,1
071412934041,071412934000,1434041,Zielonka,6,1
071412934094,071412934093,1434094,Radzymin,6,4
071412934114,071412934113,1434114,Tłuszcz,6,4
071412934124,071412934123,1434124,Wołomin,6,4
071413005011,071413005000,1405011,Milanówek,6,1
071413005021,071413005000,1405021,Podkowa Leśna,6,1
071413005044,071413005043,1405044,Grodzisk Mazowiecki,6,4
071413014011,071413014000,1414011,Nowy Dwór Mazowiecki,6,1
071413014044,071413014043,1414044,Nasielsk,6,4
071413014064,071413014063,1414064,Zakroczym,6,4
071413018014,071413018013,1418014,Góra Kalwaria,6,4
071413018024,071413018023,1418024,Konstancin-Jeziorna,6,4
071413018044,071413018043,1418044,Piaseczno,6,4
071413018064,071413018063,1418064,Tarczyn,6,4
071413021011,071413021000,1421011,Piastów,6,1
071413021021,071413021000,1421021,Pruszków,6,1
071413021034,071413021033,1421034,Brwinów,6,4
071413032014,071413032013,1432014,Błonie,6,4
071413032054,071413032053,1432054,Łomianki,6,4
071413032064,071413032063,1432064,Ożarów Mazowiecki,6,4
071422502011,071422502000,1402011,Ciechanów,6,1
071422502034,071422502033,1402034,Glinojeck,6,4
071422513011,071422513000,1413011,Mława,6,1
071422520011,071422520000,1420011,Płońsk,6,1
071422520021,071422520000,1420021,Raciąż,6,1
071422520044,071422520043,1420044,Czerwińsk nad Wisłą,6,4
071422520084,071422520083,1420084,Nowe Miasto,6,4
071422520114,071422520113,1420114,Sochocin,6,4
071422524044,071422524043,1424044,Pułtusk,6,4
071422537014,071422537013,1437014,Bieżuń,6,4
071422537034,071422537033,1437034,Lubowidz,6,4
071422537064,071422537063,1437064,Żuromin,6,4
071422611011,071422611000,1411011,Maków Mazowiecki,6,1
071422611074,071422611073,1411074,Różan,6,4
071422615084,071422615083,1415084,Myszyniec,6,4
071422616011,071422616000,1416011,Ostrów Mazowiecka,6,1
071422616044,071422616043,1416044,Brok,6,4
071422622011,071422622000,1422011,Przasnysz,6,1
071422622024,071422622023,1422024,Chorzele,6,4
071422635054,071422635053,1435054,Wyszków,6,4
071422661011,071422661000,1461011,Ostrołęka,6,1
071422701014,071422701013,1401014,Białobrzegi,6,4
071422701064,071422701063,1401064,Wyśmierzyce,6,4
071422707054,071422707053,1407054,Kozienice,6,4
071422709034,071422709033,1409034,Lipsko,6,4
071422709064,071422709063,1409064,Solec nad Wisłą,6,4
071422723064,071422723063,1423064,Przysucha,6,4
071422725011,071422725000,1425011,Pionki,6,1
071422725034,071422725033,1425034,Iłża,6,4
071422725064,071422725063,1425064,Jedlnia-Letnisko,6,4
071422725104,071422725103,1425104,Skaryszew,6,4
071422730054,071422730053,1430054,Szydłowiec,6,4
071422736054,071422736053,1436054,Zwoleń,6,4
071422763011,071422763000,1463011,Radom,6,1
071427004011,071427004000,1404011,Gostynin,6,1
071427004044,071427004043,1404044,Sanniki,6,4
071427019054,071427019053,1419054,Drobin,6,4
071427019064,071427019063,1419064,Gąbin,6,4
071427019154,071427019153,1419154,Wyszogród,6,4
071427027011,071427027000,1427011,Sierpc,6,1
071427062011,071427062000,1462011,Płock,6,1
071427103011,071427103000,1403011,Garwolin,6,1
071427103021,071427103000,1403021,Łaskarzew,6,1
071427103104,071427103103,1403104,Pilawa,6,4
071427103144,071427103143,1403144,Żelechów,6,4
071427110024,071427110023,1410024,Łosice,6,4
071427126054,071427126053,1426054,Mordy,6,4
071427129011,071427129000,1429011,Sokołów Podlaski,6,1
071427129054,071427129053,1429054,Kosów Lacki,6,4
071427133011,071427133000,1433011,Węgrów,6,1
071427133054,071427133053,1433054,Łochów,6,4
071427164011,071427164000,1464011,Siedlce,6,1
071427306054,071427306053,1406054,Grójec,6,4
071427306074,071427306073,1406074,Mogielnica,6,4
071427306084,071427306083,1406084,Nowe Miasto nad Pilicą,6,4
071427306114,071427306113,1406114,Warka,6,4
071427328011,071427328000,1428011,Sochaczew,6,1
071427338011,071427338000,1438011,Żyrardów,6,1
071427338024,071427338023,1438024,Mszczonów,6,4
071427338054,071427338053,1438054,Wiskitki,6,4
